정보통신 연구개발직 및 공학기술직,100016,가상현실전문가
정보통신 연구개발직 및 공학기술직,100016,게임기획자
정보통신 연구개발직 및 공학기술직,100016,고객관리시스템(CRM)전문가
정보통신 연구개발직 및 공학기술직,100015,네트워크엔지니어
정보통신 연구개발직 및 공학기술직,100015,데이터베이스관리자
정보통신 연구개발직 및 공학기술직,100015,무선주파수(RF)엔지니어
정보통신 연구개발직 및 공학기술직,100013,베타테스터
정보통신 연구개발직 및 공학기술직,100013,사이버교육운영자
정보통신 연구개발직 및 공학기술직,100016,시스템소프트웨어개발자
정보통신 연구개발직 및 공학기술직,100015,시스템엔지니어
정보통신 연구개발직 및 공학기술직,100015,시스템운영관리자
정보통신 연구개발직 및 공학기술직,100011,애니메이션기획자
정보통신 연구개발직 및 공학기술직,100016,웹마스터
정보통신 연구개발직 및 공학기술직,100016,웹프로듀서
정보통신 연구개발직 및 공학기술직,100016,의료정보시스템개발자
정보통신 연구개발직 및 공학기술직,100015,정보보호전문가
정보통신 연구개발직 및 공학기술직,100016,정보중개인
정보통신 연구개발직 및 공학기술직,100003,컴퓨터하드웨어 기술자 및 연구원
정보통신 연구개발직 및 공학기술직,100015,통신공학 기술자 및 연구원
정보통신 연구개발직 및 공학기술직,100015,통신망설계운영기술자
